{
  "label_aps": {
    "car": {
      "0.5": 0.4499661988703795,
      "1.0": 0.7608689968620217,
      "2.0": 0.9005144482869678,
      "4.0": 0.922647548738377
    },
    "truck": {
      "0.5": 0.35388236026369924,
      "1.0": 0.6586001300482777,
      "2.0": 0.8110800743587833,
      "4.0": 0.8426109170406595
    },
    "bus": {
      "0.5": 0.40072179438446903,
      "1.0": 0.6126428913225143,
      "2.0": 0.7506922528399546,
      "4.0": 0.7842951749191687
    },
    "pedestrian": {
      "0.5": 0.21532844146748195,
      "1.0": 0.48664921995295035,
      "2.0": 0.5543897644091954,
      "4.0": 0.5943768116726448
    }
  },
  "mean_dist_aps": {
    "car": 0.7584992981894365,
    "truck": 0.6665433704278549,
    "bus": 0.6370880283665267,
    "pedestrian": 0.46268605937556806
  },
  "mean_ap": 0.6312041890898465,
  "label_tp_errors": {
    "car": {
      "trans_err": 0.36366302869139855,
      "scale_err": 0.14078841263832464,
      "orient_err": 0.07837729847609921,
      "vel_err": 1.1722570127386813,
      "attr_err": 0.1996979625051394
    },
    "truck": {
      "trans_err": 0.4062228861225618,
      "scale_err": 0.1001570332527214,
      "orient_err": 0.1023398773016755,
      "vel_err": 1.439493858704395,
      "attr_err": 0.09354234096494729
    },
    "bus": {
      "trans_err": 0.34276597638652045,
      "scale_err": 0.10354322674155574,
      "orient_err": 0.059324199230881544,
      "vel_err": 1.0850904549485632,
      "attr_err": 0.09535481246851936
    },
    "pedestrian": {
      "trans_err": 0.5061642512622921,
      "scale_err": 0.068593934024175,
      "orient_err": 1.1909958269780845,
      "vel_err": 1.0973348346423546,
      "attr_err": 0.023275404301048516
    }
  },
  "tp_errors": {
    "trans_err": 0.40470403561569324,
    "scale_err": 0.1032706516641942,
    "orient_err": 0.3577593004966852,
    "vel_err": 1.1985440402584986,
    "attr_err": 0.10296763005991363
  },
  "tp_scores": {
    "trans_err": 0.5952959643843068,
    "scale_err": 0.8967293483358058,
    "orient_err": 0.6422406995033147,
    "vel_err": 0.0,
    "attr_err": 0.8970323699400864
  },
  "nd_score": 0.6187319327612746,
  "eval_time": 4.889577627182007,
  "cfg": {
    "class_range": {
      "car": 50,
      "truck": 50,
      "bus": 50,
      "pedestrian": 40
    },
    "dist_fcn": "center_distance",
    "dist_ths": [
      0.5,
      1.0,
      2.0,
      4.0
    ],
    "dist_th_tp": 2.0,
    "min_recall": 0.1,
    "min_precision": 0.1,
    "max_boxes_per_sample": 500,
    "mean_ap_weight": 5
  },
  "meta": {
    "use_lidar": false,
    "use_camera": true,
    "use_radar": false,
    "use_map": false,
    "use_external": false
  }
}